SV;Direzione;Sigla;Descrizione estesa;casella CC;
 01;RAIUNO;RAI 1;Rai 1;rai1@rai.it;
 02;RAIDUE;RAI 2;Rai 2;rai2@rai.it;
 03;RAITRE;RAI 3;Rai 3;rai3@rai.it;
 04;MARKETING;MK;Marketing;marketing@rai.it;
 05;DIREZIONE CREATIVA;DC;Direzione Creativa;direzione.creativa@rai.it;
 08;RELAZIONI ISTITUZIONALI;IST;Relazioni Istituzionali;relazioniistituzionali@rai.it;
 09;RISORSE UMANE E ORGANIZZAZIONE;RUO;Risorse Umane e Organizzazione;risorseumaneeorganizzazione@rai.it;
 10;RETI E PIATTAFORME;CTO-RP;Reti e Piattaforme;retiepiattaforme@rai.it;
 12;PIANIF. STRATEG.E CONTR.GEST.;FP-PSCG;Pianificazione Strategica e Controllo di Gestione;pianecontrollo@rai.it;
 14;RADIO;RF;Radio;ccradio@rai.it;
 15;RAI FICTION;FICTION;Rai Fiction;ccraifiction@rai.it;
 16;RAI NEWS;NEWS;Rai News;rainews24@rai.it;
 19;INTERNAL AUDIT;IA;Internal Audit;internalauditing@rai.it;
 1A;PREVENZ.CORRUZ.E ATTIV.TRASPAR;RPC;Prevenzione della Corruzione e Attività per la Trasparenza;anticorruzioneetrasparenza@rai.it;
 20;CANONE E BENI ARTISTICI;FP-CBA;Canone e Beni Artistici;canoneebeniartistici@rai.it;
 21;TELEGIORNALE 1;TG1;Tg1;cctg1@rai.it;
 22;TELEGIORNALE 2;TG2;Tg2;tg2@rai.it;
 23;TELEGIORNALE 3;TG3;Tg3;tg3@rai.it;
 24;COORD. SEDI REGIONALI E ESTERE;IISL-CSR;Coordinamento Sedi Regionali ed Estere;;
 26;SAFETY & SECURITY;SAS;Safety & Security;safetyesecurity@rai.it;
 27;TECHE;TEC;Teche;teche@rai.it;
 28;DIRITTI SPORTIVI;DS;Diritti Sportivi;dirittisportivi@rai.it;
 30;CENTRO RIC.INNOV.TECN.E SPERIM;CTO-CRIT;Centro Ricerche, Innovazione Tecnologica e Sperimentazione;centroricerche@rai.it;
 31;RADIOUNO (COMPRENDE GR);RF1+GR;Radio 1 - Giornale Radio;radiouno-giornalerad@rai.it;
 32;AREA CHIEF TECHNOLOGY OFFICER;CTO;CTO - Infrastrutture Tecnologiche;ctoinfrastrutturetecnologiche@rai.it;
 33;RAI CULTURA;RC;Rai Cultura;raicultura@rai.it;
 36;RAI PARLAMENTO;PARL;Rai Parlamento;raiparlamento@rai.it;
 38;TESTATA GIORNALISTICA REGION.;TGR;TGR;cctgr@rai.it;
 39;RADIODUE;RF2;Radio 2;radiodue@rai.it;
 40;ISORADIO;ISO;Isoradio;ccisoradio@rai.it;
 41;PRODUZIONE TV;PTV;Produzione TV;produzionetv@rai.it;
 42;STAFF AD E DGC;STAFFAD;Staff Amministratore Delegato e Direttore Generale Corporate;staffamministratoredelegato@rai.it;
 43;RAI SPORT;SPORT;Rai Sport;ccraisport@rai.it;
 44;RADIOTRE;RF3;Radio 3;ccradiotre@rai.it;
 45;ICT;CTO-ICT;ICT;ict@rai.it;
 46;CORRISPONDENTI ESTERO;CORR;Uffici di Corrispondenza dall'Estero;;
 47;FINANZA E PIANIFICAZIONE;FP;Finanza e Pianificazione;cfofinanzaepianificazione@rai.it;
 48;AFFARI LEGALI E SOCIETARI;ALS;Affari Legali e Societari;affarilegaliesocietari@rai.it;
 49;STAFF DEL PRESIDENTE;STAFFP;Staff del Presidente;staffdelpresidente@rai.it;
 4A;CANALE IN LINGUA INGLESE;CLI;Canale In Inglese;CanaleInLinguaInglese@rai.it;
 50;AMMINISTRATORE DELEGATO;AD;**;amministratoredelegato@rai.it;
 52;RAIPLAY E DIGITAL;RPD;RaiPlay e Digital;raiplayedigital@rai.it;
 53;AMMINISTRAZIONE E FINANZA;FP-DAF;Amministrazione e Finanza;amministrazioneefinanza@rai.it;
 54;ACQUISTI;A;Acquisti;acquisti@rai.it;
 57;ASSET. IMMOBILIARI E SERVIZI;IISL-AIS;Asset Immobiliari e Servizi;assetimmobiliarieservizi@rai.it;
 58;COMUNICAZIONE;C;Comunicazione;cc_comunicazione@rai.it;
 59;DIREZ.EDIT.OFFERTA INFORMATIVA;DEOI;Direzione Editoriale per l'Offerta Informativa;direzioneeditorialeperloffertainformativa@rai.it;
 5A;DIREZIONE GENERALE CORPORATE;DGC;Direzione Generale Corporate;direzionegeneralecorporate@rai.it;
 5B;TRANSFORMATION OFFICE;TO;Transformation Office;transformation.office@rai.it;
 5C;INFRASTR. IMMOB.E SEDI LOCALI;IISL;Infrastrutture Immobiliari e Sedi Locali;infrastruttureimmobiliariesedilocali@rai.it;
 5D;RELAZ.INTERNAZ. AFFARI EUROPEI;RIAE;Relazioni Internazionali e Affari Europei;relazioni.internazionali@rai.it;
 5E;UFFICIO STUDI;US;Ufficio Studi;ufficiostudi@rai.it;
 5F;TECNOLOGIE;CTO-T;Tecnologie;tecnologie@rai.it;
 5G;PUBBLICA UTILITA';PU;Pubblica Utilità;pubblicautilita@rai.it;
 5H;COORDINAMENTO GENERI;CG;Coordinamento Generi;;
 5L;INTRATTENIMENTO PRIME TIME;IPT;Intrattenimento Prime Time;;
 5M;INTRATTENIMENTO DAY TIME;IDT;Intrattenimento Day Time;;
 5N;CULTURA ED EDUCATIONAL;CE;Cultura ed Educational;;
 5P;APPROFONDIMENTO;APP;Approfondimento;;
 5Q;FICTION;F;Fiction;;
 5R;CINEMA E SERIE TV;CSTV;Cinema e Serie Tv;;
 5S;DOCUMENTARI;DOC;Documentari;produzionedocumentari@rai.it;NOTA: variazione in corso a documentari@rai.it
 5T;KIDS;K;Kids;;
 5U;SVILUPPO NUOVI FORMATI;SNF;Sviluppo Nuovi Formati;svilupponuoviformati@rai.it;
 5V;DIREZIONE DISTRIBUZIONE;DIS;Distribuzione;distribuzione@rai.it;
 5Z;DIREZIONE RAI PER IL SOCIALE;SOC;Rai per il Sociale;raiperilsociale@rai.it;
 61;RAI GOLD;GOLD;Rai Gold;raigold@rai.it;
 62;RAI RAGAZZI;RAGAZZI;Rai Ragazzi;rairagazzi@rai.it;
 64;BOLZANO-SEDE REGIONALE;IISL-CSR;Coordinamento Sedi Regionali ed Estere;;
 71;MILANO - CENTRO DI PRODUZIONE;PTV-CPMI;CPTV Milano;cptvmilano@rai.it;
 72;RISORSE TELEVISIVE ARTISTICHE;RTA;Risorse Televisive e Artistiche;risorsetelevisiveeartistiche@rai.it;
 73;NAPOLI - CENTRO DI PRODUZIONE;PTV-CPNA;CPTV Napoli;cptvnapoli@rai.it;
 79;ROMA - CENTRO DI PRODUZIONE TV;PTV-CPRM;CPTV Roma;cptvroma@rai.it;
 80;GOVERNANCE E SEGRET.SOCIETARIA;GSS;Governance e Segreteria Societaria;governanceesegreteriasocietaria@rai.it;
 81;ORCHESTRA SINFONICA NAZIONALE;RC-OSN;Orchestra Sinfonica Nazionale;raicultura@rai.it;nota: potrebbe essere più utile individuare un'indirizzo di Torino della OSN
 82;TORINO - CENTRO DI PRODUZIONE;PTV-CPTO;CPTV Torino;cptvtorino@rai.it;
 88;DISTACCHI C/O RAI WAY;CO WAY;...;;
 89;PRIX ITALIA;PRIX;Prix Italia;ccprixitalia@rai.it;
 92;DISTACCHI C/O RAI PUBBLICITA';CO PUB;...;;
 95;DISTACCHI C/O RAI WORLD;CO WORLD;...;;
 96;DISTACCHI C/O RAI COM;CO COM;...;;
 97;DISTACCHI C/O RAI CINEMA;CO CINE;...;;
 B2;RAI WAY S.P.A.;RAIWAY;RAI Way S.p.A.;;
 C2;RAI CINEMA S.P.A.;RAICINE;RAI Cinema S.p.A.;;
 N2;RAI COM S.p.A.;RAICOM;RAI Com S.p.A.;;
